quiz_score,topic_difficulty,days_since_scheduled,user_pace,action
0.3745401188473625,0.9507143064099162,2,0.8457837001909385,schedule_review
0.596850157946487,0.44583275285359114,6,0.3406585285177396,schedule_review
0.8661761457749352,0.6011150117432088,7,0.755621931064197,proceed
0.056411579027100256,0.7219987722668247,5,0.44863737747479326,schedule_review
0.18182496720710062,0.18340450985343382,3,0.7281572123417965,schedule_review
0.007066305219717406,0.023062425041415757,2,0.7282970263056656,schedule_review
0.13949386065204183,0.29214464853521815,7,0.46293993830121294,schedule_review
0.0906064345328208,0.6183860093330873,3,0.6599641068895281,schedule_review
0.5924145688620425,0.046450412719997725,2,0.7762152770114458,schedule_review
0.450499251969543,0.013264961159866528,0,0.9759424231521916,schedule_review
0.8083973481164611,0.3046137691733707,4,0.46162567793550424,proceed
0.24102546602601171,0.6832635188254582,3,0.6466238370778892,schedule_review
0.034388521115218396,0.9093204020787821,3,0.42756526145164364,schedule_review
0.7553614103176525,0.4251558744912447,5,0.6826971955402957,proceed
0.18485445552552704,0.9695846277645586,1,0.6148278933588359,schedule_review
0.3951502360018144,0.9266588657937942,6,0.9453119645161818,schedule_review
0.0884925020519195,0.1959828624191452,0,0.9728204170445443,schedule_review
0.8445338486781514,0.7473201101373809,6,0.8801162564063505,proceed
0.3567533266935893,0.28093450968738076,3,0.4931994274157803,schedule_review
0.2962735057040824,0.1652669390630025,0,0.9908208556203622,schedule_review
0.7722447692966574,0.1987156815341724,7,0.30985587590055913,proceed
0.19884240408880516,0.71134195274865,2,0.8398892426801621,schedule_review
0.07404465173409036,0.3584657285442726,0,0.9404717728806464,schedule_review
0.8500385777897993,0.4494506741382034,0,0.34449084520021656,proceed
0.3109823217156622,0.32518332202674705,2,0.7139084513954089,schedule_review
0.27472179299006416,0.5612434258477011,2,0.3837159721568112,schedule_review
0.713244787222995,0.7607850486168974,1,0.46518944382426897,schedule_review
0.25606832276132396,0.04043358953843135,6,0.5992787128509847,schedule_review
0.02541912674409519,0.10789142699330445,6,0.9270345169714636,schedule_review
0.47537022318211175,0.5632755719763837,3,0.9352965317482651,schedule_review
0.24929222914887494,0.41038292303562973,2,0.44214285731433856,schedule_review
0.942853570557981,0.598865466488536,2,0.4128549010778031,proceed
0.9296976523425731,0.808120379564417,0,0.3738459818811894,proceed
0.45653457048291024,0.2184404372168336,3,0.9247912989429843,schedule_review
0.5393422419156507,0.8074401551640625,3,0.5494084866538824,schedule_review
0.906828441545754,0.2721322493846353,2,0.5989754520383794,proceed
0.8180147659224931,0.8607305832563434,6,0.4152590972000592,proceed
0.534089419375442,0.4848299713589832,0,0.38390575713357794,schedule_review
0.33761517140362796,0.9429097039125192,5,0.45313495370114915,schedule_review
0.5581020020173412,0.4038361710580408,5,0.9802474579046725,schedule_review
0.9624472949421112,0.25178229582536416,1,0.7985894129471094,accelerate
0.1480869299533999,0.9977404850489419,2,0.7266950337859277,schedule_review
0.5026790232288615,0.05147875124998935,4,0.5415498736186781,schedule_review
0.6343513447013638,0.6807054515547668,4,0.642616932194294,proceed
0.9856504541106007,0.2420552715115004,3,0.35659732843290065,proceed
0.36965445606140446,0.24215993827742588,5,0.5574481929034772,schedule_review
0.6323058305935795,0.6335297107608947,2,0.8715023112535687,proceed
0.7983451249845511,0.15071754396542947,2,0.4305629572798979,proceed
0.040775141554763916,0.5908929431882418,2,0.4541687332958838,schedule_review
0.7111495324380178,0.8095010461397154,3,0.7516209532866149,proceed
0.17436642900499144,0.690937738102466,7,0.662425945369236,schedule_review
0.837710105907328,0.6756901170392807,0,0.37943146486841234,proceed
0.9246936182785628,0.877339353380981,2,0.45998501525810975,proceed
0.17495492709593619,0.9821683433294356,3,0.6707554048492045,schedule_review
0.24185229090045168,0.09310276780589921,3,0.6908054175249683,schedule_review
0.8826363431893397,0.18870710834137938,0,0.5444467022288626,proceed
0.7259556788702394,0.8971102599525771,7,0.583155688985533,proceed
0.8877700987609598,0.8509284487675127,0,0.4131400998662296,proceed
0.8985541885270792,0.6064290596595899,2,0.5605979365932201,proceed
0.9401334424577784,0.9736638367553173,1,0.41256563599224905,proceed
0.5487337893665861,0.6918951976926933,7,0.9961202238275744,schedule_review
0.17592525267734538,0.018075363615520867,5,0.5277797887114873,schedule_review
0.7464914051180241,0.6496328990472147,6,0.8046579469764905,proceed
0.3080607918523892,0.5425402305548993,2,0.5574010621416035,schedule_review
0.26520236768172545,0.24398964337908358,5,0.9852250007925063,schedule_review
0.4867421529594551,0.906098787718554,2,0.8563679124791539,schedule_review
0.5026370931051921,0.5769038846263591,7,0.9049172955503322,schedule_review
0.23018526824155527,0.4991933798847523,3,0.31702117650201767,schedule_review
0.6454722959071678,0.17711067940704894,3,0.62896115979366,proceed
0.2795603417967586,0.883494022266259,3,0.3108196315702072,schedule_review
0.9283185625877254,0.42818414831731433,4,0.7006047284195868,accelerate
0.9803315837160457,0.07534625600612821,4,0.5695684100213476,proceed
0.8511366715168569,0.31692200515627766,7,0.5608808069658344,proceed
0.3946914668094722,0.8442131407263114,2,0.6990428190625555,schedule_review
0.09717649377076854,0.6150072266991697,5,0.5510527469073148,schedule_review
0.25416364906973876,0.29529058841893874,1,0.818538032427943,schedule_review
0.697015740995268,0.7024840839871093,7,0.6869739838355353,proceed
0.2965101436477985,0.4197808564462765,1,0.9069506230060724,schedule_review
0.9132405525564713,0.5113423988609378,0,0.7395260904640453,proceed
0.19427395351204224,0.07094091699992766,5,0.8570548686052706,schedule_review
0.8900053418175663,0.3379951568515358,3,0.7052054268552911,accelerate
0.43847412301808697,0.6720261352951994,2,0.6259186126927221,schedule_review
0.5426446347075766,0.2865412521282844,1,0.9022832328181727,schedule_review
0.25025136051586405,0.0388347344294232,6,0.552133448987884,schedule_review
0.12706051265188478,0.5222432600548044,4,0.4900800410738193,schedule_review
0.9652518303907698,0.45726516161372854,5,0.3361772048180254,proceed
0.531354631568148,0.5406351216101065,6,0.39684716469246095,schedule_review
0.1327454222429698,0.969536867114159,1,0.5260695310588721,schedule_review
0.7951861947687037,0.2708322512620742,3,0.8208298500993807,accelerate
0.2508605273466612,0.18433367433137005,5,0.885186084358544,schedule_review
0.695974206093698,0.4089529444142699,1,0.9406496093385364,proceed
0.44235222973110444,0.23978735915740323,5,0.8002171458900436,schedule_review
0.6601973767177313,0.27993389694594284,7,0.6616873801985966,proceed
0.6571113285001668,0.43567289867789105,4,0.593720043699453,proceed
0.24773098950115746,0.3559726786512616,4,0.3841152534639495,schedule_review
0.3418796667164016,0.09179906581344188,6,0.32851016162327906,schedule_review
0.8554605840110072,0.7036578593800237,3,0.31201277128222515,proceed
0.7633644230039109,0.8069129770507795,3,0.4212413089370106,schedule_review
0.43385164923797304,0.39850473439737344,1,0.96440201211397,schedule_review
0.8866803872980475,0.26089362334171395,1,0.7381019409999654,accelerate
0.5031362585800877,0.8564898411883223,4,0.7787746385786987,schedule_review
0.6158511643899138,0.9438916045607572,1,0.31855791737913525,proceed
0.5857755812734633,0.9402302414249576,7,0.7740178396680872,schedule_review
0.5733670416719333,0.12850035323391018,4,0.6819317525211543,schedule_review
0.9414648087765252,0.38610263780077425,0,0.7560393403004515,accelerate
0.20668435987674538,0.27396112732113376,3,0.3705446009641986,schedule_review
0.018221825651549728,0.0944429607559284,2,0.5355879504221085,schedule_review
0.6557226353807422,0.38539662096556504,1,0.3162903550150781,proceed
0.8144684825889358,0.28185477477339993,3,0.7850232510843576,proceed
0.34833660445319736,0.9366481518557073,7,0.8145497306627201,schedule_review
0.8034809303848486,0.2820345725713065,1,0.596429659615683,proceed
0.5685202837499583,0.5759245752580846,2,0.5888323738379986,schedule_review
0.37201808579278317,0.7764129607419968,7,0.9069816250468055,schedule_review
0.5618666921437736,0.23859685979034018,6,0.825609747454048,schedule_review
0.7545428740846823,0.10312386883593261,0,0.6740292314713944,proceed
0.4965611906830777,0.38961808621920346,4,0.9268662599473403,schedule_review
0.3892016787341631,0.01083765148029836,0,0.8930002008669129,schedule_review
0.3549051904627206,0.9568008851264563,6,0.9654250028562892,schedule_review
0.5734378881232861,0.6318372121697993,4,0.36419290308093677,schedule_review
0.602440925901119,0.5537030523458008,4,0.8266621706063759,proceed
0.7915790437258485,0.7896181427945539,4,0.9516503739811049,proceed
0.9742482085344102,0.9959312420303291,1,0.6090713509613639,proceed
0.8877041827582998,0.3509150125520787,1,0.9780563607818944,accelerate
0.6880300101750391,0.8369638742373738,0,0.37078587328595314,schedule_review
0.08410680611499743,0.70096913145912,1,0.5776561213679763,schedule_review
0.8918969087767766,0.1466048216920255,4,0.35938639985963433,proceed
0.9866395785011755,0.3742707957561203,0,0.9162519780468916,accelerate
0.23668519368207874,0.9076937063485463,4,0.8273647296812592,schedule_review
0.37625958553091576,0.08350071669866876,4,0.5645913130855781,schedule_review
0.7050843642966599,0.24872415443028795,2,0.3778382376143059,proceed
0.49262510429085915,0.011353644767419069,3,0.7000311176435075,schedule_review
0.7409738609106683,0.7671948531085717,6,0.7544472114812444,proceed
0.7460448792654233,0.5833687650971596,5,0.5801560250104174,proceed
0.47771489088022767,0.08289132169335423,0,0.4565170869636168,schedule_review
0.9632225394406113,0.012154474689816341,7,0.6892035270498091,proceed
0.32268638827758367,0.04340078329817276,4,0.9950753572835103,schedule_review
0.07379656473539886,0.5538542844013208,3,0.35280418296283844,schedule_review
0.16621543190925292,0.21680910658649122,6,0.6181787453374412,schedule_review
0.6275580800840634,0.5843143119231002,7,0.8159704940901134,proceed
0.9152543416691064,0.9587024074078462,7,0.9231846487236415,proceed
0.45565675278571294,0.6201325978015367,7,0.41877593272689584,schedule_review
0.6468483616687238,0.3882683839898722,3,0.7085592782956105,proceed
0.07773463696498484,0.9743948076661665,7,0.6172685927801818,schedule_review
0.032315951109650465,0.2797635071689457,4,0.869656513794864,schedule_review
0.6847311725538793,0.1626169393448913,5,0.3533402657194142,proceed
0.9405318271353834,0.4166390577384792,4,0.7293906371550529,accelerate
0.4182430362906189,0.9327284833540133,1,0.686111510780849,schedule_review
0.16483426113700095,0.41125511658536906,5,0.8673873315472829,schedule_review
0.9872761293149445,0.15041689110352818,4,0.8247048099832504,accelerate
0.3929894489788591,0.8291642207065144,0,0.8868300932977964,schedule_review
0.4686931597949703,0.4148195023376652,0,0.3095703753788981,schedule_review
0.07535906035246231,0.691714397168912,4,0.9998023713002913,schedule_review
0.9966368370739054,0.5554317056026274,4,0.8082845908502936,proceed
0.7570812020424559,0.37785054927578643,4,0.6153808947170654,proceed
0.12915941515149498,0.9540510272587224,4,0.4450593543056395,schedule_review
0.8782206674791923,0.7569991321722287,1,0.5507139026229884,proceed
0.11355759219962902,0.6715731955927996,1,0.6333474877523099,schedule_review
0.8313714900625012,0.3077772397710494,0,0.6863347871421399,proceed
0.5609379715353863,0.876653602658345,0,0.7129691279963453,schedule_review
0.48004596701847513,0.4205357786650751,4,0.7342166859474253,schedule_review
0.7040797680992236,0.21296416150891073,5,0.7320845984681044,proceed
0.9804627250923779,0.6080878495418852,1,0.5745708315698126,proceed
0.43747492202372906,0.9041586944937484,3,0.6832124148293781,schedule_review
0.4509104474161044,0.910471278403273,5,0.7354606901595114,schedule_review
0.8623637087467452,0.9495206236576421,3,0.6215427655623207,proceed
0.8420914150187097,0.7689177413153975,3,0.6213950293667829,proceed
0.980032575285477,0.4926180939928696,4,0.44639155375495987,proceed
0.5796499344717384,0.34156321045654503,6,0.3902158053374544,schedule_review
0.12804583895777244,0.15190269351229435,5,0.7883673015878522,schedule_review
0.18006727234929853,0.696501466227079,0,0.9277518869342083,schedule_review
0.47396164026287235,0.6675577385210272,1,0.7213547768786721,schedule_review
0.2238490659063206,0.8217906368444492,1,0.495013237322371,schedule_review
0.17701048427674682,0.08870253375705561,0,0.6740964526127661,schedule_review
0.3559914842719861,0.8942172628959257,0,0.6523920895983998,schedule_review
0.6903948286293653,0.039312139841098936,0,0.6368017758394052,proceed
0.687784717096083,0.5116570135472612,2,0.9446106803722691,proceed
0.06107795985486375,0.2768776481472037,0,0.35916190537647735,schedule_review
0.5972780822554306,0.9862569958668151,6,0.5593304719539673,schedule_review
0.4845229851910213,0.618254771530296,6,0.6718860277814738,schedule_review
0.7205160613914648,0.06234136251124145,2,0.47670586104081447,proceed
0.7133495858845524,0.8952068376871993,5,0.8247313624060111,proceed
0.03047215273359416,0.8672149810747233,5,0.6728320865185162,schedule_review
0.24247050363472966,0.26924323094938096,4,0.4275987149331706,schedule_review
0.5639650920188364,0.8407099858779311,5,0.5292481465245402,schedule_review
0.11976213181925122,0.890527280739895,3,0.6317789590013893,schedule_review
0.35510430327930476,0.648822840291576,1,0.3608442016611966,schedule_review
0.5371065418185478,0.5868411180208791,7,0.7105748042625313,schedule_review
0.5644585425226413,0.37877262595128935,4,0.5541576074790445,schedule_review
0.6459172413316012,0.5707783046689119,7,0.6487733884942581,proceed
0.330348481280914,0.9336918237598746,4,0.3712477308342826,schedule_review
0.15285913918433203,0.24595772838450813,3,0.8955722624853024,schedule_review
0.08788762454014387,0.8058648867411434,7,0.9277357972384976,schedule_review
0.08023374566164221,0.5245113895702547,7,0.787873023656495,schedule_review
0.9972555347683943,0.8966102629740208,3,0.9786293032927582,proceed
0.8655071258939803,0.8170720709492799,0,0.6435241454811491,proceed
0.7228960966217757,0.8208614731533526,1,0.6897340251097508,proceed
0.5716126894698998,0.2799790936602842,3,0.4435542921046214,schedule_review
0.9679940665042343,0.7109524788367483,3,0.6553272650791184,proceed
0.24240973241508024,0.11483682473920354,1,0.837445651009987,schedule_review
0.08729017958967544,0.506103956359347,6,0.6367980712983722,schedule_review
0.5325894325515859,0.05182353682242691,1,0.6179875805533697,schedule_review
0.5486031179381532,0.5489219798889773,1,0.5256476914823061,schedule_review
0.8098744458546349,0.25464065476376385,4,0.30189762959003075,proceed
0.11669606414168132,0.4731662010518922,5,0.588288639903088,schedule_review
0.3488682665429953,0.9295291442478258,5,0.8221821678841026,schedule_review
0.4085182929359169,0.9329380670999546,2,0.9568383197747263,schedule_review
0.18123306616566015,0.0664962673667775,7,0.8051175855258941,schedule_review
0.04809464396408769,0.7815144817514149,2,0.8566871183019231,schedule_review
0.20162732004774453,0.1636559428657045,4,0.4304834907517009,schedule_review
0.23569174606499976,0.6337585637201772,5,0.5511813388864517,schedule_review
0.8772005408131083,0.3924451074226354,7,0.6163640209093275,proceed
0.713782454855326,0.8996674452921731,4,0.5109645119148994,proceed
0.7476093801762511,0.5027203900924792,0,0.5487537162728771,proceed
0.3914821102015019,0.531857479688174,4,0.9345304776751828,schedule_review
0.6242379959139921,0.11689804070836407,5,0.532971050138739,proceed
0.7305491368093014,0.6937176074033384,3,0.8558176324892071,proceed
0.6200727559285135,0.5334610919763215,6,0.7012055944801721,proceed
0.9976926159238433,0.7524031200388227,4,0.473942397870126,proceed
0.743946292572677,0.03353243473577938,5,0.7998448575565299,proceed
0.49398148713086265,0.7546352918601166,5,0.8748801132704089,schedule_review
0.11063173695520723,0.8464522917345182,7,0.7227705104507587,schedule_review
0.5022883474625301,0.5398606371128367,4,0.460475976662849,schedule_review
0.7222525683930663,0.7200365365460744,6,0.7189098908436589,proceed
0.5655083473229738,0.7161790747329522,2,0.5419871954527435,schedule_review
0.18159771680142567,0.9084505613336283,5,0.4591456881209909,schedule_review
0.4235968624204829,0.2879296164757261,2,0.4073459821812561,schedule_review
0.5862298320167972,0.505888678884466,0,0.47921087229756354,schedule_review
0.7260955860624008,0.5929629052588216,3,0.6955932285124462,proceed
0.6966508238768923,0.9224993811772957,7,0.7559570476917723,proceed
0.771246668519738,0.374435369720422,0,0.5968914699116702,proceed
0.7364442356247228,0.9343670147690148,5,0.9374803387789992,proceed
0.1228107818457338,0.2359060345950812,1,0.8872286605121538,schedule_review
0.12466268120326685,0.9208418826173723,6,0.5180109848319487,schedule_review
0.22739562087711263,0.6078943937942587,6,0.3383331471754219,schedule_review
0.3351972416459009,0.8028534485980114,4,0.7226050722110973,schedule_review
0.11426730005568775,0.4145045842036277,1,0.9438989314889323,schedule_review
0.34634599436596125,0.3469532018962277,1,0.9429183074575107,schedule_review
0.5870682241365672,0.03284667024343835,2,0.3985999142658599,schedule_review
0.1763869865062233,0.49836777273947974,5,0.32371541217261646,schedule_review
0.3114731711327574,0.7804957075460877,2,0.7425850015436712,schedule_review
0.013094456588333636,0.6635373720167106,6,0.9828789209779294,schedule_review
0.45898898801701304,0.5573053688900479,5,0.3597447676550507,schedule_review
0.9968742518459474,0.5021950103312426,0,0.5169558483880277,proceed
0.3973181154575979,0.4267889053367494,7,0.9286380026084995,schedule_review
0.20513964048200717,0.19068772066366657,4,0.5644081632081185,schedule_review
0.8365648132923329,0.5874536042340743,0,0.8428693316865075,accelerate
0.4532888347480276,0.52439026932758,3,0.6367615638713101,schedule_review
0.497011948821249,0.7653562810662407,3,0.42734969134668976,schedule_review
0.8617856210135173,0.9461154621336327,7,0.4906112983042096,proceed
0.8974304098188842,0.5265784666592938,0,0.3177704489622414,proceed
0.15615259736619036,0.7159722288473975,4,0.5855891467553913,schedule_review
0.5517225952593398,0.2538885640433043,6,0.7703249205191098,schedule_review
0.019710537754364155,0.10410858198457384,6,0.6986104624344502,schedule_review
0.887460482513503,0.5567215847833661,7,0.3696089749315416,proceed
0.24317219099945409,0.7222669318556592,7,0.8647951042738102,schedule_review
0.9626493185548747,0.9444097255772734,5,0.44348900679107467,proceed
0.29314773026101326,0.8963358185211198,6,0.7432685424376724,schedule_review
0.7359046131960023,0.8481280954668835,7,0.4270048045628581,proceed
0.5830415609696922,0.42142455059249795,1,0.9374368024782127,schedule_review
0.6247612710432511,0.3358658571498351,6,0.5657846857170867,proceed
0.5902949425148077,0.26806364082287626,4,0.5416345014168928,schedule_review
0.7738345232013403,0.36275789466594544,4,0.5061260316793423,proceed
0.9484533069621567,0.7636057941597608,7,0.37996654814427777,proceed
0.5657766199665605,0.9853673122417347,6,0.8598986791631207,schedule_review
0.42521350446923345,0.022469308320117398,5,0.8191808609600659,schedule_review
0.6988458531609044,0.40255004359698054,0,0.3975492518509769,proceed
0.8349302367992991,0.9844021807035521,1,0.9304006108654699,accelerate
0.6912218576096544,0.6831838564454814,5,0.9400091645923492,proceed
0.11775108289014113,0.5765164755142536,5,0.34702277994099706,schedule_review
0.40524808802768875,0.4974648939798906,3,0.4444948902324222,schedule_review
0.010995828658480478,0.13688563006880727,0,0.48654887535961755,schedule_review
0.7321845784590624,0.25073066056159776,4,0.7655256721823788,proceed
0.1753712786234496,0.9144119459249598,1,0.583067051084317,schedule_review
0.7709113770642705,0.42203605955068735,1,0.4163983581292556,proceed
0.7380336164263704,0.08279866792512647,3,0.8396901478748349,proceed
0.06824970535409158,0.8370789907030294,2,0.5489709015254643,schedule_review
0.7190459051842455,0.297121715623175,2,0.9645147579404358,proceed
0.3966493730520543,0.9540869365396331,5,0.8128004680471752,schedule_review
0.21494037859075676,0.031183135061284672,3,0.41340971452410924,schedule_review
0.8415296603100434,0.8464078493145573,2,0.7177899942418224,proceed
0.3342438908169608,0.7709122037458219,4,0.5410686124309633,schedule_review
0.3515401611342188,0.41279355060675227,4,0.7818816774994152,schedule_review
0.4348273386037462,0.2464020332391068,2,0.35443574085526997,schedule_review
0.0023393906257782593,0.9676993882070865,5,0.713161466808361,schedule_review
0.3609738969400268,0.09158207332663415,2,0.9734691500348822,schedule_review
0.7900135587918561,0.6905602324456406,0,0.42959305018703375,proceed
0.5419009473783581,0.8729458358764083,7,0.7472645697339833,schedule_review
0.7590358455388498,0.7241033292731386,7,0.8944369560957235,proceed
0.24966800885918594,0.4894249636431405,6,0.7852226480198472,schedule_review
0.05159580665871,0.6699174645500392,7,0.7939026207609818,schedule_review
0.9252483174156658,0.18057534512733353,4,0.6312470826569334,proceed
0.31285485650558753,0.12052257878646444,6,0.5081443051607855,schedule_review
0.9243961953765304,0.9710582451653678,6,0.8567392865713681,proceed
0.7450645481202204,0.054882614646474925,2,0.5233703312702789,proceed
0.8289154741506773,0.03700763471549262,6,0.5552880746201141,proceed
0.560677194003514,0.48106188384408644,2,0.7874021431146978,schedule_review
0.33987496376806614,0.7247667715287615,3,0.700699431603426,schedule_review
0.8039769794008976,0.5384014903807876,5,0.523126752052449,proceed
0.6258913764370091,0.8859777482361871,1,0.9136657645037145,proceed
0.41750608402789213,0.4619428505755876,1,0.314888587595271,schedule_review
0.8747016726841994,0.528937134027212,7,0.952812936597677,proceed
0.07002970574747103,0.009485433628498074,4,0.8370318022517889,schedule_review
0.40193091360924216,0.47987562030390885,0,0.7065300450591294,schedule_review
0.2716869710690041,0.39828738397563557,5,0.5924367475171336,schedule_review
0.4213570022770702,0.7375823015888915,5,0.3023424534300854,schedule_review
0.4673107665376526,0.2970028764548822,1,0.507415684319193,schedule_review
0.23360775104990994,0.04209318963636188,0,0.937237371440274,schedule_review
0.04510067722032318,0.10946759867911515,0,0.7757530978851488,schedule_review
0.21825388786506417,0.9499611839502253,4,0.48128785612126956,schedule_review
0.5885542289732454,0.9823305150800816,6,0.9613124156039872,schedule_review
0.4674015112498697,0.6134113892107077,0,0.8203469760255369,schedule_review
0.06498640948289403,0.40158023642548746,4,0.7547526542946579,schedule_review
0.6077367948788591,0.5126885110165086,1,0.33286175000346907,proceed
0.38409061149124957,0.036731937426613626,1,0.8457091314967273,schedule_review
0.3501252591667301,0.05784267656339637,6,0.45142681612558744,schedule_review
0.5182603666763922,0.597274072430341,0,0.4217266744536411,schedule_review
0.39624201890265875,0.7582384757040913,5,0.997435043064707,schedule_review
0.8974361480462039,0.4633807482156199,4,0.4566723303758361,proceed
0.5369744228934136,0.5929399348417032,5,0.9020887714925465,schedule_review
0.4574320977737073,0.3911697660803798,2,0.3906604448979629,schedule_review
0.8887480798689772,0.9556514982297534,3,0.32479565789298154,proceed
0.329051365369871,0.9315894883189899,2,0.3608907319379871,schedule_review
0.4084532130706987,0.372688517012314,7,0.7870000049948251,schedule_review
0.04878358167317309,0.5326025194007621,4,0.4541282413648679,schedule_review
0.6832587636595959,0.07613085949030018,0,0.3430619183674645,proceed
0.8829062691374613,0.5160790204436166,2,0.8772766761476043,proceed
0.34780920790219305,0.6780161525590636,2,0.905145016215144,schedule_review
0.7339099189537017,0.5212603121804149,7,0.7609162842608979,proceed
0.8505817290942419,0.8672942009598024,0,0.5338062151216665,proceed
0.2386900313010175,0.9300903505097387,3,0.733027964750629,schedule_review
0.7527166395576412,0.1586051052930737,2,0.9729207017294352,accelerate
0.46547000876998357,0.8790714802281316,1,0.3902089072314116,schedule_review
0.3351188542591419,0.7435082562916078,6,0.30078407803607665,schedule_review
0.556181735039757,0.7566358037849347,3,0.3044701102017835,schedule_review
0.2870381331749128,0.6169269183757422,0,0.6918910186161806,schedule_review
0.11584385678025766,0.37669536198679876,7,0.6779897658010988,schedule_review
0.7798453951511436,0.10698063882695841,5,0.31289940311675224,proceed
0.4322407838925123,0.8401215027412188,3,0.7428353251937636,schedule_review
0.9320281055100175,0.10250972799067926,3,0.42162743271529673,proceed
0.7708541085409898,0.947297888256338,7,0.7957204620516971,proceed
0.0673506014687717,0.5821704601762733,0,0.3405443223911588,schedule_review
0.07469441775785401,0.8524146591986477,5,0.9814422784241779,schedule_review
0.9688778552856915,0.7496518317429247,2,0.7160771014599817,proceed
0.3836122604056218,0.06562614457401295,0,0.5265271534046788,schedule_review
0.48864319040466575,0.7704074178077932,1,0.30072063589194337,schedule_review
0.15893828327675652,0.46853941676858435,3,0.598326911565181,schedule_review
0.4513870243296755,0.16362382119166918,6,0.8781445360599276,schedule_review
0.2983744309899926,0.8399471646724719,6,0.7763495114522991,schedule_review
0.6545112142811352,0.2732595269982093,0,0.9742656574080923,proceed
0.03130231374751624,0.7312700669736856,6,0.5938091218482856,schedule_review
0.6385259476640855,0.3975943979627943,0,0.6096091336666372,proceed
0.31195199049513045,0.32074274043812745,5,0.4609682241237603,schedule_review
0.2131047040250833,0.03113408288451136,0,0.8004468281415733,schedule_review
0.5627502863433826,0.4715324601025127,2,0.9777353995403051,schedule_review
0.18552551570312115,0.8686231679556108,4,0.4075606267127789,schedule_review
0.45369363460528267,0.5303543937282561,6,0.7383542251419908,schedule_review
0.13124487768238757,0.032526179491251916,3,0.9772578845296442,schedule_review
0.18545887467665434,0.46209729076566064,5,0.3821157322736761,schedule_review
0.12518579220255044,0.6855652872289714,3,0.6908888708082386,schedule_review
0.22554014244373544,0.16082546907819006,5,0.7073799813400792,schedule_review
0.26899340443509767,0.7975591006371882,2,0.9890459851820328,schedule_review
0.14958064266756577,0.46459859663581016,5,0.5747454894846793,schedule_review
0.4799388347171235,0.6000205481193037,7,0.7598887002951451,schedule_review
0.7570592676112233,0.952648638038717,0,0.32773317774384997,schedule_review
0.48050694725782894,0.10493017841817487,0,0.37195468314486596,schedule_review
0.5709045018441643,0.01836763694054,5,0.7327090140226833,schedule_review
0.702464970544104,0.5596486834869141,7,0.9588662529626706,proceed
0.0724162721463415,0.5342422059764451,0,0.5454388518464265,schedule_review
0.033203108791366565,0.07857849715502074,5,0.5254662915535347,schedule_review
0.9774663863147858,0.20085908986229417,1,0.8604106893763579,accelerate
0.2001502442448101,0.16748258225906976,0,0.9660849820487287,schedule_review
0.12421996672805935,0.8962213026850383,0,0.9553485723705828,schedule_review
0.05197128365147241,0.5412963353010705,1,0.9546412707096217,schedule_review
0.9473504626310387,0.6253046602139478,3,0.5376151347799643,proceed
0.8148251137465122,0.08011484638467514,3,0.6871010168143709,proceed
0.5974758626319301,0.7838325534188619,6,0.7505043866375674,schedule_review
0.5264026609361132,0.7315895217553319,2,0.8073785919118408,schedule_review
0.5932786483101787,0.6502941858734539,0,0.9102484966145412,schedule_review
0.21921398735804432,0.9758652558191313,3,0.8209953459164689,schedule_review
0.8718327789731212,0.4336553339563889,7,0.6487370015171973,proceed
0.5553635509376312,0.7192017782722638,5,0.5326202377485763,schedule_review
0.5424786357193675,0.49327684678379957,3,0.43967971565040154,schedule_review
0.6802282424312913,0.07219840897917584,6,0.44250479623956984,proceed
0.8404524062769335,0.17419333657825364,4,0.8090183488364155,proceed
0.742706521199981,0.42549333444807536,3,0.8147452090660268,proceed
0.7677238880667803,0.5048448818930178,1,0.906922047285714,accelerate
0.5786754085723934,0.43861541918959046,4,0.5768606188943106,schedule_review
0.6061887135611715,0.5977235652558643,3,0.5952046488114188,proceed
0.2768277972350516,0.5923503285933622,5,0.5514057207663621,schedule_review
0.3838471518677963,0.4658128070202485,4,0.8131791156906967,schedule_review
0.1315676851272598,0.7158249646820886,7,0.7212987685634059,schedule_review
0.6325405332263061,0.37284863718893446,1,0.42668386689664284,proceed
0.8543850933695791,0.4922778564480348,5,0.3681753747874865,proceed
0.4050207990803215,0.5929183998317819,6,0.551463358579836,schedule_review
0.5929508514349274,0.16352387258502277,2,0.5185036396875129,schedule_review
0.3990459461371111,0.8579862539227058,4,0.5276330449572864,schedule_review
0.7734731256866006,0.13087366071834983,4,0.4659194999758353,proceed
0.2346740382615511,0.8837096696607526,5,0.41883053356127853,schedule_review
0.5197739485560177,0.3370031764312863,5,0.4020295977713262,schedule_review
0.4494338352137377,0.5878843711103869,3,0.794744051819812,schedule_review
0.16704190790094986,0.16761921628831766,0,0.7238767103514179,schedule_review
0.35673205304000166,0.5335119252996956,0,0.890919314278438,schedule_review
0.8056701529500532,0.5853543643967521,6,0.6906981747157039,proceed
0.5399058395022125,0.03418776593915818,5,0.3399607992625204,schedule_review
0.531169528001032,0.9366056922949615,4,0.7480020767858395,schedule_review
0.22470117697268,0.1800104374727235,2,0.5213092734837254,schedule_review
0.5072348086883924,0.0415728590503921,1,0.5781652919250806,schedule_review
0.4798970815920732,0.6859677359829841,5,0.9662682497962671,schedule_review
0.6391199378155004,0.8679182945200221,6,0.47795720592824525,proceed
0.5217300466362131,0.34265348812091534,5,0.397755878329419,schedule_review
0.029973589872677953,0.3079299415911909,7,0.9578738543487892,schedule_review
0.7328989183413418,0.1623818946623209,4,0.36573050105259286,proceed
0.6726021182251263,0.44375021930457115,4,0.9743427829742792,proceed
0.25530652472843185,0.6616323503711468,6,0.9612299536318163,schedule_review
0.6832480282896458,0.4971747640084273,0,0.8816140339391938,proceed
0.8646088359550367,0.7685193645237912,2,0.9516640868548845,proceed
0.6895267510315611,0.6765133857772465,2,0.9586127494366454,proceed
0.8268388837118774,0.6669715169909073,0,0.3746151212155935,proceed
0.657845304603036,0.9994137257706666,5,0.5226780875326836,proceed
0.8664386675276454,0.9933369373586285,4,0.8476698388407913,proceed
0.5670162609866678,0.7384492092513265,3,0.755358153454201,schedule_review
0.7651908645557847,0.9256748308807118,2,0.8654921593588809,accelerate
0.7622851347766157,0.7978136488586345,2,0.9082304378783996,accelerate
0.3756722518817265,0.2968692745602808,6,0.3040310623486851,schedule_review
0.3245858299002703,0.3664615348713979,6,0.694407249143921,schedule_review
0.3804197042327977,0.5484997216514768,0,0.46628089161202924,schedule_review
0.3732517916293401,0.22726962726315147,1,0.7109431953908056,schedule_review
0.16844438514271964,0.6425759689471896,1,0.6244458306604006,schedule_review
0.3797857801792298,0.8633336495718252,7,0.893017152960802,schedule_review
0.9142365159514699,0.8137662883195864,0,0.5661369331500998,proceed
0.3988227808969005,0.5801723692273323,3,0.6336868325288114,schedule_review
0.3943653238183502,0.5494142384304533,5,0.8026861533585461,schedule_review
0.9555236959549347,0.01823258267636163,6,0.6016034640766232,proceed
0.8967142898401224,0.07128027005516391,6,0.47043760760340947,proceed
0.9270345447963066,0.06026739028956085,4,0.6354282606105199,proceed
0.19455832318530097,0.16633160774314215,3,0.47974359740435557,schedule_review
0.28487290196192283,0.3072899649262866,6,0.6725821493373281,schedule_review
0.5809320532627977,0.08962633915494211,5,0.8013054719562354,schedule_review
0.27262400073353377,0.4135491015253515,0,0.6657367283612827,schedule_review
0.12322265417216605,0.8594157932805891,6,0.667614368566942,schedule_review
0.7090462617224327,0.10687692309474384,1,0.42965991258318675,proceed
0.9177524891713773,0.4245274251963619,5,0.8641947848426106,accelerate
0.5502265421562618,0.043412532854819164,1,0.37861304108785343,schedule_review
0.002584014844982385,0.6379852057932976,4,0.9189445243438854,schedule_review
0.22807977194893247,0.21204483990822665,1,0.42234140997916403,schedule_review
0.3607725191105998,0.9058911047877604,7,0.5473949655119026,schedule_review
0.23687055897448206,0.7805255152438618,1,0.8123706473099441,schedule_review
0.8511742608527708,0.6714246695306144,0,0.3668747196842677,proceed
0.623859324676573,0.4517676787372291,1,0.4070886605799938,proceed
0.2352355848019848,0.8692596246510526,0,0.4517178600635429,schedule_review
0.09571455552016173,0.023638586046336396,6,0.46117231789950897,schedule_review
0.20618616451842642,0.6379607933159701,0,0.5736341971338602,schedule_review
0.594476335186173,0.4967668588591694,1,0.49217817780008777,schedule_review
0.5970469168956917,0.675841245087376,1,0.5997397304479303,schedule_review
0.7175977656581762,0.6924361513243696,6,0.5387630171319544,proceed
0.8187070571192328,0.6032194102133722,5,0.7048708419044863,proceed
0.27416066655980587,0.0794193689889866,7,0.7517028862680017,schedule_review
0.5957507281889567,0.4011879140389827,0,0.4586594815588916,schedule_review
0.3549963058319373,0.06942384274609337,0,0.8823041792759954,schedule_review
0.6696026161339619,0.06993160570943413,7,0.6780083402231574,proceed
0.8800790875614583,0.6508773690471942,5,0.46158043240780844,proceed
0.45685864488036865,0.1903248628190678,1,0.9958975528548173,schedule_review
0.6618391898493786,0.5577834173700249,1,0.6124466458383495,proceed
0.3335695494722004,0.5804750067166746,1,0.970337699153766,schedule_review
0.17530294235765964,0.6900048908206657,0,0.41933455672174225,schedule_review
0.4094778530052039,0.42268911339618953,6,0.8293143302266721,schedule_review
0.3475715242389821,0.664911724487218,3,0.632420580454353,schedule_review
0.38252628024400825,0.11982900201764635,2,0.4066912093312922,schedule_review
0.9924835021583752,0.9270009679242953,3,0.4705597012447066,proceed
0.6715584436130373,0.09292914437938993,5,0.36238710248121164,proceed
0.7552704204968079,0.12771348363523483,7,0.6547869022743378,proceed
0.1593040206189803,0.06310903307915017,3,0.51218984916173,schedule_review
0.26311256991084286,0.3601364074715191,4,0.5424252380123025,schedule_review
0.2390553321972656,0.5097242467516981,2,0.5778870619519983,schedule_review
0.44720254050483565,0.6005943333606173,6,0.4132349479464767,schedule_review
0.7862759567570945,0.5745873823177666,3,0.895997470421567,accelerate
0.2085105143573358,0.9305952146439163,1,0.67781283313196,schedule_review
0.6279500527726358,0.6743038064090484,1,0.9076396830752151,proceed
0.8059254001176211,0.7900304363070614,3,0.8731145028519891,accelerate
0.3225279778464152,0.022893824976120247,2,0.7864657622317232,schedule_review
0.34609972653778553,0.9756102008599149,7,0.9529115183333783,schedule_review
0.5751633504966249,0.4793544401378518,0,0.9459300333593761,schedule_review
0.4870619188189359,0.6062529377509774,5,0.8805326835988985,schedule_review
0.31753144787673704,0.9527975276012943,5,0.40246179451357433,schedule_review
0.36753442229153144,0.06817230938549357,1,0.6542752883927256,schedule_review
0.2325513583653801,0.07996539435930194,3,0.976075512807254,schedule_review
0.432497878330132,0.3118161330852596,5,0.9132736348186297,schedule_review
0.27775262374926113,0.8514486375512653,7,0.4512267277567197,schedule_review
0.6195879548978296,0.6502010923981534,2,0.5705225888114029,proceed
0.5644410906788825,0.19178245559186058,0,0.34071465685383306,schedule_review
0.9948663171697671,0.05778056099636664,7,0.5081485337657872,proceed
0.4303371775089212,0.1706647585499984,4,0.3849694575957002,schedule_review
0.30327514756759555,0.10104581101064669,7,0.7841326388985235,schedule_review
0.618051674287186,0.6331896260134641,7,0.8697791886542132,proceed
0.6152194382310109,0.30625362078661167,3,0.7590065707931594,proceed
0.8480158852494014,0.7243174696766612,4,0.9206229506683266,proceed
0.4497846488213225,0.19462251182076507,6,0.667853235378048,schedule_review
0.4816348465348623,0.1768871451438544,4,0.8385134255489377,schedule_review
0.011031264428647214,0.4161539981797615,2,0.5930064351367547,schedule_review
0.7903377358601481,0.5821482297799723,6,0.39597679401029934,proceed
0.5353101314525917,0.2152018720172375,4,0.8840123561683373,schedule_review
0.6292988060107362,0.1988562777752959,4,0.9717036510247232,proceed
0.48785404392636245,0.1097361986775035,3,0.7522630864237556,schedule_review
0.4993338349786183,0.2660192780053807,4,0.6417687959152447,schedule_review
0.15004866469398426,0.32467592689006,3,0.7561974535376779,schedule_review
0.8106859279862663,0.6140813111847361,4,0.6216127378841907,proceed
0.7850165438370569,0.8920846889402344,0,0.37150467076027666,schedule_review
0.6586921462074435,0.9428311414132617,1,0.6063221868387743,proceed
0.2546706220460512,0.8408715794259226,1,0.4771409029605492,schedule_review
0.7811704237869193,0.8251321959287038,6,0.7615477455440478,proceed
0.8951177407065364,0.6366696821672073,6,0.9225736412901908,proceed
0.4506196567297579,0.8824594404560998,4,0.8162036381050399,schedule_review
0.5122219208126745,0.6802277792083533,4,0.32661529376621845,schedule_review
0.7462072574818386,0.6590355342036808,2,0.34987970943568103,proceed
0.01210847523488745,0.9565013982994801,4,0.5713166620379386,schedule_review
0.46194693667095577,0.991588408870274,3,0.8422574718268272,schedule_review
0.6613706110704144,0.18519556786746794,2,0.5884916511839401,proceed
0.5496160437189245,0.8305344564048399,7,0.4855324998275028,schedule_review
0.020944961030912812,0.08217166747642735,3,0.9292305768043647,schedule_review
0.7824849245639379,0.22784241754310997,0,0.5673577477570271,proceed
0.2056872621955551,0.12138641815940643,5,0.4824993099439415,schedule_review
0.06925430628585993,0.959826518075929,6,0.3293658564021454,schedule_review
0.9684887775943838,0.7987141916545746,3,0.6320352769343497,proceed
0.11395663471431716,0.4860155029775399,7,0.8236512256006725,schedule_review
0.8117697880901376,0.6564786073315027,2,0.33061493811597864,proceed
0.11080796217980704,0.5985315756843657,0,0.5605169166862594,schedule_review
0.432076882944196,0.4394049896944522,0,0.414578661025711,schedule_review
0.2737913075141065,0.928317532848577,3,0.4382293429019561,schedule_review
0.8869249002092695,0.645810812655206,2,0.7700184544262503,proceed
0.31692247734494494,0.8792686599978382,3,0.9432485735476881,schedule_review
0.2522410201733616,0.7550419287462783,4,0.984878095160417,schedule_review
0.7481919059789975,0.5578132255110699,6,0.75931328637675,proceed
0.17742876946970687,0.5450269188969383,2,0.4885319088114175,schedule_review
0.5395562204955051,0.7279471767307432,1,0.3922101414181933,schedule_review
0.7259799099852955,0.8177853298569451,6,0.6418758910454576,proceed
0.15067610770987738,0.3423836360335465,5,0.6795660438442938,schedule_review
0.5903476904587729,0.50836054691628,6,0.37415149879094506,schedule_review
0.15156937158767358,0.09375692064555663,3,0.7454039477854736,schedule_review
0.761121537043158,0.160071634954573,1,0.6906296276042769,proceed
0.8117522168657099,0.74171206151293,2,0.9942669659445544,accelerate
0.0991780995872159,0.40149431586128825,1,0.7602922189446162,schedule_review
0.31092893000755417,0.7423480505725092,5,0.7311898151821252,schedule_review
0.18802473461541613,0.3553845686857394,4,0.6770869671401274,schedule_review
0.5241591707261622,0.8480477911307719,1,0.3247179484581673,schedule_review
0.7457337827312321,0.2024805601652374,1,0.8310734730777034,proceed
0.6783788228551418,0.7562646578914526,6,0.5139229508431504,proceed
0.8766507618282006,0.9963343376272473,3,0.5697631181331533,proceed
0.6433651799117843,0.7803997761472745,5,0.7151310339307488,proceed
0.39152569817782934,0.41262184084862374,7,0.42486080901513085,schedule_review
0.029071380343953734,0.16688511785487092,3,0.855938131893959,schedule_review
0.09299063982313216,0.5882022669483905,3,0.6570767987491777,schedule_review
0.7234047656122863,0.10413735792028744,1,0.6930392115716666,proceed
0.5606600944161709,0.6034876665964548,1,0.7195582759640536,schedule_review
0.602145644052481,0.02293281126804203,2,0.6487789775844175,proceed
0.07705827913433116,0.0585509292439792,4,0.822147646169572,schedule_review
0.9819691904461453,0.20984199485640942,3,0.6620883395091266,proceed
0.44019899795549056,0.14745252670628395,6,0.8148539245412763,schedule_review
0.2358575991436871,0.37142200187304575,0,0.7187577058446171,schedule_review
0.7356631142391898,0.9983475113929496,3,0.5096104573443206,schedule_review
0.17348007426595724,0.6375532644702298,3,0.8499561326561624,schedule_review
0.11833619092338732,0.40990488969628824,5,0.8230537114194263,schedule_review
0.7399863866856118,0.9503127529305917,4,0.4291333771935475,proceed
0.3622354416522884,0.33451128874193214,4,0.7901763716111647,schedule_review
0.585810145971902,0.586479092188707,5,0.6626551363671708,schedule_review
0.29872557358877305,0.9406792451153405,1,0.8969096139129977,schedule_review
0.22554132992573261,0.37691416473637196,7,0.4302709924923941,schedule_review
0.8026433097957104,0.45818688673789265,4,0.7942133053648172,proceed
0.6311706459567064,0.049842027782941556,6,0.6475228066487098,proceed
0.43685070261517955,0.7295082286523967,5,0.3400961757543363,schedule_review
0.22522370226848976,0.1313494081449067,0,0.825962560220332,schedule_review
0.6569551562671395,0.956614621083458,5,0.4979219827051334,proceed
0.04459490837296154,0.03628762261350216,6,0.4728851593503999,schedule_review
0.9062545805210367,0.2495461998495061,7,0.5598449657229988,proceed
0.4288868788610386,0.8447894362860214,5,0.34575631029506965,schedule_review
0.4875711936733843,0.03361360018328263,3,0.7337896081395909,schedule_review
0.5619928474668068,0.34592044750169426,1,0.5877669218204946,schedule_review
0.3473433262588427,0.8998333456872725,1,0.8127141122866628,schedule_review
0.5483205837264242,0.1279882085335864,7,0.9557757234231643,schedule_review
0.05225787928602377,0.4187933190741614,7,0.7370978125302097,schedule_review
0.49448113129509297,0.9795508403817569,4,0.7579222210318521,schedule_review
0.19809763275974013,0.5653302545716099,2,0.5160891203612367,schedule_review
0.947035987738723,0.9673561777882752,4,0.37986704942155336,proceed
0.15124682873493456,0.2253169299512351,1,0.36218817156129507,schedule_review
0.6837541055770425,0.5451055282606997,7,0.3803382103084522,proceed
0.860139693349435,0.7228143032084837,0,0.8541899919173461,proceed
0.5488386567200587,0.6129001608619492,5,0.6208104490700594,schedule_review
0.484696287130047,0.16577454016327575,1,0.7649315401537922,schedule_review
0.2160904531853075,0.09756251023929974,7,0.588235879109156,schedule_review
0.6509734671509542,0.5454318694069055,7,0.8508790944423663,proceed
0.11193592702153032,0.3559733737948527,2,0.3363696042879879,schedule_review
0.7862781993840331,0.2013637821359744,6,0.9104949900157335,proceed
0.5448477590845157,0.7584250178691111,3,0.6635701016527561,schedule_review
0.20488127415071256,0.8778300781520408,5,0.41313386790011,schedule_review
0.2554933446556047,0.9466379541996072,7,0.9894927592986125,schedule_review
0.7720124763099904,0.027167421225559818,0,0.36590633708798853,proceed
0.34366319260910305,0.2824308986865117,1,0.6484687556240032,schedule_review
0.10547369995663058,0.656780104724294,0,0.5781669733397214,schedule_review
0.0934079719752956,0.4410721582507837,2,0.44263652138938236,schedule_review
0.5233296311947413,0.28713795808457554,3,0.830237319352592,schedule_review
0.27644169058339607,0.31234910188551357,0,0.5771793308637183,schedule_review
0.9150900684070432,0.53302886724614,1,0.6133220582241519,proceed
0.5578201919292014,0.16603431341619546,7,0.900025479899127,schedule_review
0.9061432547657664,0.2769044873778089,7,0.6549357727058087,proceed
0.598112629369018,0.03338360178638122,7,0.9257927970055093,schedule_review
0.6542925523249619,0.15210428322227287,3,0.8590152906679258,proceed
0.9677558771033888,0.8568739360750941,0,0.8625224748090745,proceed
0.5052067735766382,0.9671266152591704,6,0.639751288211921,schedule_review
0.12243389835894103,0.7251855480273908,1,0.41616842670704945,schedule_review
0.881927758304644,0.42748968792061515,6,0.3908785142662023,proceed
0.6868609976750291,0.0930304864600272,3,0.803547535658411,proceed
0.8902580530178021,0.07940658464302952,4,0.9814201729833212,accelerate
0.33684050186110326,0.29648978128331527,5,0.678555628489881,schedule_review
0.7102427986233115,0.3143501131837484,2,0.9309072075422542,proceed
0.6516679187064259,0.314060794992732,7,0.64594871307521,proceed
0.8282492524372184,0.33520804737087273,1,0.47103795855052627,proceed
0.11294320841117356,0.08717946783183117,0,0.4679118789291613,schedule_review
0.1419719897609939,0.3479414115821666,6,0.43388229254021066,schedule_review
0.613777418815699,0.43550545439815935,7,0.546662462626758,proceed
0.8414475530847599,0.47128716739816456,6,0.4777824122004173,proceed
0.031115599917357684,0.7392947351647732,1,0.5275728108021893,schedule_review
0.6863271966860974,0.06964114816240574,6,0.4169924080298549,proceed
0.6552824096916582,0.9917426171678388,6,0.4954932619180873,proceed
0.6428819100587077,0.694150573509831,0,0.45087090815393227,proceed
0.36037781993034756,0.06850540662697957,0,0.5127624808685066,schedule_review
0.653162790531283,0.9383048184484827,3,0.4629342029709021,schedule_review
0.8073960303399513,0.059093890078253275,6,0.48220080029620205,proceed
0.9071950307058299,0.670732311905834,6,0.41835674924919475,proceed
0.3897593874264921,0.3795029033747186,5,0.905194526665869,schedule_review
0.5466482201877885,0.38040054897040965,5,0.8616480304114849,schedule_review
0.4790700631033512,0.018000088945214987,7,0.8179328845368512,schedule_review
0.9180765521991506,0.28003732955048943,7,0.7953818284314331,accelerate
0.9727763228920858,0.8260390516665719,2,0.8634347437890071,proceed
0.0180065556004545,0.962810357074026,6,0.6914293647805285,schedule_review
0.6282381104632814,0.532675886761555,2,0.9109276876962895,proceed
0.11258039041193701,0.7036859774607958,4,0.34783865487258225,schedule_review
0.2633157837532001,0.046123564335733835,0,0.6281375758251541,schedule_review
0.3012652607600004,0.5983574842977588,2,0.45844604603904016,schedule_review
0.7302461470901459,0.5988082963834914,2,0.932026496634391,proceed
0.8522638743911815,0.6678046832264065,5,0.5382840903446953,proceed
0.9890283583501739,0.6261761715931382,7,0.46765711893667666,proceed
0.7945782787001903,0.03467026672648332,2,0.4874436728418339,proceed
0.7891608465887314,0.573349345635218,4,0.3445486365006496,proceed
0.8313735143857098,0.5989785081772105,0,0.8162960243649786,accelerate
0.5252397575201602,0.032645677545668605,2,0.8805007595217289,schedule_review
0.8789789002822673,0.5717723520483222,4,0.786115319291496,proceed
0.08220706371178166,0.9106765794351396,5,0.8417157590111095,schedule_review
0.6019234310151316,0.8925232899548461,4,0.419407338089963,proceed
0.9481083201714422,0.44524611228478816,0,0.7918436411598614,accelerate
0.23743346837480628,0.5123637775457907,3,0.4639291127708399,schedule_review
0.7867503351544369,0.970766206474783,3,0.9653717368103425,accelerate
0.6006510665483559,0.7435939161765598,0,0.4882712620785297,proceed
0.4069719096342639,0.8914800156235068,1,0.5532971652435971,schedule_review
0.47249335500651357,0.045648745502383736,7,0.46719966228134935,schedule_review
0.469641774680709,0.4504653016578183,4,0.6374287406784578,schedule_review
0.19609771273839294,0.6107800710757683,4,0.6320018943018824,schedule_review
0.5908674412710415,0.5370074883513584,0,0.3053648228544577,schedule_review
0.21906880910185778,0.03672136250082114,3,0.49943561507167256,schedule_review
0.46285195501585064,0.4385384885374355,7,0.6588674081694914,schedule_review
0.29348882320812164,0.9317537194328164,0,0.8716775228155027,schedule_review
0.28456230176289754,0.8182066687482475,4,0.5416561999611844,schedule_review
0.5074119387178089,0.8742225246851758,4,0.7727941452829624,schedule_review
0.04485356802356866,0.450597018983134,6,0.49231206786366366,schedule_review
0.3945760755976464,0.42182817853883137,3,0.9175809892663933,schedule_review
0.6709430047425079,0.2581732541911692,4,0.5165609025039475,proceed
0.8237903842212947,0.9550605114849889,1,0.8049754157744018,accelerate
0.8628805029124124,0.002103843175883413,5,0.4803250542336053,proceed
0.059524700347771686,0.6037954529493877,1,0.4796859598170321,schedule_review
0.6652921019780552,0.8003548790234066,3,0.5583371152326415,schedule_review
0.12102500048519305,0.4189477901874754,3,0.9302248876519901,schedule_review
0.4042397296442092,0.3210810970870501,0,0.9592079981332475,schedule_review
0.668572646722914,0.6786699566725648,1,0.9216273450520824,proceed
0.5986924023190974,0.5021536099619869,2,0.9393008633033657,schedule_review
0.6125734683448192,0.873698593466345,3,0.7465139648645437,proceed
0.7409812502745785,0.5299915229264187,2,0.6737772307834347,proceed
0.14213712379345766,0.011706610730904066,5,0.6727448896060026,schedule_review
0.4488530716747082,0.08439238054454234,6,0.33061735061626313,schedule_review
0.12300329512374564,0.5586423964504253,6,0.6266254492880511,schedule_review
0.8167232025585446,0.06738455478552252,4,0.7847449786684577,proceed
0.42993107739014813,0.6729666223944324,6,0.679774057972576,schedule_review
0.8617424949182954,0.5902855429531597,3,0.8588662383628467,proceed
0.8224223736682784,0.8575623376612838,6,0.8315457180268291,proceed
0.0988736176406354,0.8896520330175663,7,0.5598206964063392,schedule_review
0.601074166800233,0.7055858626438246,0,0.6680688192113267,proceed
0.5116813865815117,0.16562834702826534,6,0.3998159008573361,schedule_review
0.8900970351838083,0.3458774607378574,3,0.5378381790057825,proceed
0.5172393817143319,0.3789102780588144,2,0.5384229166069041,schedule_review
0.071711888847651,0.409628894895232,0,0.3708819402306112,schedule_review
0.847139489693785,0.5310853448852428,7,0.45252478797849305,proceed
0.9880359661555919,0.45400162119611487,3,0.41715181319703953,proceed
0.9720252564965911,0.22848674675477076,7,0.653818582537315,proceed
0.9640174071177023,0.3842067129858002,2,0.44620484949401795,proceed
0.9256373300253358,0.4141502243282268,2,0.3163464674297301,proceed
0.7562136139501768,0.4585230088818907,5,0.3910334477577971,proceed
0.8354802363823276,0.3703969862753065,3,0.519776702164147,proceed
0.8884036723086812,0.6029428764794615,3,0.6817667848528117,proceed
0.08820170378987069,0.60687734157693,5,0.5726373264316942,schedule_review
0.3855119047369223,0.3403871042545057,3,0.9860762946896369,schedule_review
0.47787844802224244,0.5322575311489761,4,0.8333312688234089,schedule_review
0.8336499619375856,0.44044135031242404,1,0.8787704816574933,accelerate
0.7090137242870318,0.1771709252718655,4,0.5397135851842993,proceed
0.27024769213078326,0.9664173858664074,6,0.6813793602816307,schedule_review
0.1652420504426032,0.5829844261646024,4,0.610830624441542,schedule_review
0.6262343214210638,0.4888978317924514,2,0.847671830622061,proceed
0.7345779231214132,0.30048938560043237,5,0.6985641528275979,proceed
0.620660479824584,0.20131210782243325,4,0.4035889031560843,proceed
0.8525577819015535,0.7108847166823191,5,0.45942481527224666,proceed
0.9640288471655137,0.909454610937242,2,0.5474225183827477,proceed
0.4584664245692578,0.03798156328985347,5,0.8533568559924194,schedule_review
0.1248208139668483,0.7942106625494054,3,0.6267474540618315,schedule_review
0.034461259425,0.9696077268480954,2,0.6238729235457754,schedule_review
0.9809873781626851,0.4834074359731466,7,0.6443517700740102,proceed
0.3024474782893799,0.49141817752855677,2,0.44225616376026106,schedule_review
0.7617981913776972,0.3865405068230279,2,0.9431142974244642,accelerate
0.36226808709859115,0.7257164632199491,4,0.9865175405084006,schedule_review
0.40758420857381694,0.8275189221063031,6,0.7139847315957417,schedule_review
0.806589342326277,0.4764833837782927,6,0.376484947216735,proceed
0.8539619669554221,0.4391498166337483,0,0.5089044386533137,proceed
0.2403823886994838,0.31189908000428046,2,0.6138233387585955,schedule_review
0.5104324890042322,0.6265925110932102,6,0.8138208338125144,schedule_review
0.7625963946941753,0.9292573980072293,5,0.8058948703887598,proceed
0.692532431537108,0.13443512940812186,5,0.7511291939847236,proceed
0.8197978049847275,0.3334073221591105,2,0.4474934747070422,proceed
0.9574480190380962,0.0088632851134689,2,0.44045571218263285,proceed
0.9946486415599979,0.089812154282774,5,0.31002069436694196,proceed
0.73786951856153,0.8341445970006758,0,0.34832067862149474,schedule_review
0.00566581452956727,0.9370910284587948,3,0.7609783609690384,schedule_review
0.7661159327955862,0.8459214396777321,1,0.373082890823657,schedule_review
0.39910018807372305,0.7231494864646295,5,0.5852801217227015,schedule_review
0.40710648912562764,0.06600984414024158,2,0.6843912353940209,schedule_review
0.6320898295062423,0.5770406644619108,7,0.350621532680557,proceed
0.9551152072917014,0.5225765993367452,7,0.7772240508631127,proceed
0.1129316426860113,0.8420744373985792,3,0.7949605340866887,schedule_review
0.05022601146397376,0.07290183536790351,4,0.7667980947099875,schedule_review
0.21111247116613618,0.8634007668570018,2,0.8624379203078192,schedule_review
0.9292280536318539,0.4051026945275664,2,0.3154188448566719,proceed
0.5832574924561156,0.8422307463439479,0,0.7483332295230907,schedule_review
0.9789811151748089,0.6034930960433786,4,0.5912849996497647,proceed
0.7596114286997965,0.1878428525377741,6,0.6521587655458854,proceed
0.44934974203964206,0.5858647884535192,7,0.6882601436245669,schedule_review
0.637090837080905,0.5262784603382027,1,0.7997668427546127,proceed
0.8225347943841967,0.8039585075525203,5,0.6943022516676702,proceed
0.11995369302388992,0.9167916907023351,7,0.48998656631270004,schedule_review
0.49669542281794654,0.2842740929275167,1,0.8766446630708156,schedule_review
0.7217215527171793,0.27154704741124236,0,0.5223107566827816,proceed
0.00013469300448532007,0.5111291392372298,1,0.8005271031954786,schedule_review
0.5934857629759347,0.8957267259261729,7,0.8875369446492016,schedule_review
0.003819922658583108,0.24682386920190225,0,0.3579008230670474,schedule_review
0.9308873720608084,0.8267146599310183,2,0.48927530046916784,proceed
0.8427119021605549,0.31334791758514313,3,0.9350398750924356,accelerate
0.9429838168160425,0.4223845221843059,5,0.564122637774235,proceed
0.9640784164901082,0.08928952452557293,1,0.32960422445587684,proceed
0.5646290509972631,0.9301709654384246,0,0.7926999641440318,schedule_review
0.004363269650309087,0.16695308874719872,4,0.9128578585868312,schedule_review
0.18280723665690046,0.27843940825043456,2,0.9655408954119367,schedule_review
0.702540501534807,0.29805220863944315,4,0.6327846254950515,proceed
0.6343397397112043,0.9994662482156307,0,0.5520353261306847,proceed
0.9567998154842862,0.5004011457102012,0,0.6331774117081591,proceed
0.11097752458514809,0.6344241452865836,2,0.5588692791910237,schedule_review
0.0523550201874724,0.7675676285179183,1,0.6864485552573645,schedule_review
0.41579750068745014,0.7196538166105304,0,0.76014743751909,schedule_review
0.4722818041629817,0.8801567379214851,0,0.8573684168939979,schedule_review
0.7540230349283823,0.03593867492155334,0,0.3956206325558208,proceed
0.6516397604772766,0.7385974581323307,3,0.9822142679347308,proceed
0.052198629044971634,0.6821938806266105,5,0.4394506924258371,schedule_review
0.8902150026361744,0.28740959646557973,2,0.7668066623856451,accelerate
0.8233094298207179,0.7820153349329673,4,0.48731487370958004,proceed
0.8354802257421944,0.014693388654953843,4,0.9377480919371686,proceed
0.8382653595457049,0.7093829670873909,5,0.5895498724430446,proceed
0.49286458444744663,0.4042897472548691,0,0.9342461199804557,schedule_review
0.2666751966619776,0.724856499315017,0,0.9744494686213119,schedule_review
0.5190322801295487,0.6775422674589532,3,0.6184432226553109,schedule_review
0.2672526297935953,0.21980534882319003,3,0.9832096762954494,schedule_review
0.12555021476265338,0.016947664889580993,2,0.5678062264994448,schedule_review
0.3677336508051099,0.18173919070946298,6,0.3122866543566402,schedule_review
0.2933086107805647,0.7731418739186715,1,0.4562843698536374,schedule_review
0.6418599588553554,0.5706496238809349,7,0.5098603692956651,proceed
0.6464587416379305,0.9741944438163571,6,0.7729060643651818,proceed
0.5469632513713881,0.8297631202876449,6,0.8462632864996862,schedule_review
0.4579957590035715,0.3980052929545028,3,0.9296186487822711,schedule_review
0.7101354317980658,0.9373784381643208,1,0.6388539487971411,proceed
0.747444406596694,0.4738098283979466,1,0.7075461318377618,proceed
0.9902088935876214,0.23915877778224304,7,0.9939295310949543,accelerate
0.5444823328002629,0.9627683502532061,3,0.8438496072290578,schedule_review
0.20498120952681642,0.7256272002744159,6,0.3985620642248732,schedule_review
0.6224136415659967,0.7813218557473051,4,0.4933661274826071,proceed
0.9816533238524479,0.5272651809152565,3,0.5717159942888969,proceed
0.674130295536063,0.25990497924283285,0,0.9631766747105128,proceed
0.3373401410170235,0.7249811699240525,0,0.9230987961772101,schedule_review
0.7077213502675275,0.06220322616470275,0,0.9514247633925759,proceed
0.4973124461689724,0.23025092071051467,7,0.39399239563159283,schedule_review
0.9579341210567704,0.5296597239456199,6,0.5479874353887326,proceed
0.9490711963148439,0.9623102029877842,5,0.4922926705335244,proceed
0.8069654908839936,0.45966487040266124,1,0.42621555479594464,proceed
0.45859794351384,0.5608744633626176,5,0.6118791471193237,schedule_review
0.20918546540792782,0.04997902865967874,0,0.39589934413756994,schedule_review
0.994981369325093,0.5272326607539126,6,0.46938399122193175,proceed
0.9606269755131998,0.19692570445342839,2,0.648765200349491,proceed
0.40667406999858313,0.9530200211788992,5,0.6986778456969726,schedule_review
0.25954178317609033,0.43699588566562086,2,0.42326682993141623,schedule_review
0.2139570386882369,0.013029567757083749,5,0.4330753548486093,schedule_review
0.7925951162883833,0.9078987937796194,1,0.7888178100593009,proceed
0.3952059263099702,0.9528967959978275,1,0.8301171449941072,schedule_review
0.1616714362369619,0.47690010646797,7,0.5169999560202525,schedule_review
0.23203982890110597,0.45823465039283384,0,0.4138898206659961,schedule_review
0.5650853124527563,0.7716269109786077,5,0.7221450143193615,schedule_review
0.8354078308421259,0.7844208580034177,3,0.9483358479022472,accelerate
0.22867677960360877,0.6343636888716871,7,0.8656554976490809,schedule_review
0.17788812404902343,0.514683617121439,7,0.36677949411924743,schedule_review
0.4287020209864336,0.029169763645264468,2,0.9262499583043442,schedule_review
0.0004427814372078842,0.9013830966419349,5,0.5784856378515097,schedule_review
0.9195310246560497,0.993255015422964,7,0.6589041734688397,proceed
0.4815493402758543,0.6354436456595226,3,0.8279854813429159,schedule_review
0.9184264321454086,0.9509285945025484,2,0.4928835574536383,proceed
0.6220395623709938,0.992442289374779,4,0.6948518201834624,proceed
0.35857846152487316,0.6566310737078761,1,0.9315654824235666,schedule_review
0.87735561220526,0.9743722386792576,6,0.6541705354144521,proceed
0.22085278296300892,0.03892996332566745,1,0.9694240653712691,schedule_review
0.14817792822994547,0.6795499271339084,0,0.9653214194027069,schedule_review
0.5816222929891935,0.4366141897687661,2,0.5992512819296781,schedule_review
0.3263384309319872,0.8396596557087903,4,0.5471352741202117,schedule_review
0.8940943025332507,0.9464565131504055,7,0.5806592337311327,proceed
0.7631083636013083,0.8231608307088593,3,0.6482778965022715,proceed
0.20468010905728395,0.5911303032585165,0,0.5069862718291229,schedule_review
0.5938024808096155,0.03280962412860844,5,0.34981079962140293,schedule_review
0.0690075926128163,0.9407845205031079,4,0.6220016769065593,schedule_review
0.09505304553269278,0.826746768026247,6,0.5325337231809232,schedule_review
0.6936180574737952,0.7711228158518866,1,0.8773514993944507,proceed
0.5156594058564534,0.4632936532727968,4,0.49773069845900253,schedule_review
0.4252281854376939,0.03757109039890738,5,0.6826903643897377,schedule_review
0.5320216789842518,0.5904310898226933,3,0.6657571267599118,schedule_review
0.054634420000972295,0.9730781629723328,6,0.4425048642824523,schedule_review
0.010090606689024728,0.4374819266082097,7,0.301031675460418,schedule_review
0.7293447940879964,0.9668454997992854,5,0.812207315594949,proceed
0.6406355928025865,0.41594390458185504,4,0.5958404379095263,proceed
0.30293090564042924,0.3252951340230311,0,0.4769695242624404,schedule_review
0.2714385776342002,0.12535647579238562,7,0.9313581377244049,schedule_review
0.8066935196947392,0.9848584027624758,7,0.8337380191328871,proceed
0.5424710034626561,0.14960144952695253,7,0.35491907142198675,schedule_review
0.5444969591038651,0.7093208284726096,2,0.4883137527588173,schedule_review
0.517596301315522,0.26884674245284335,7,0.3296956087448242,schedule_review
0.26532613755546697,0.6015538792998241,3,0.7425116494305202,schedule_review
0.12994137226794122,0.5600916974433955,0,0.6596981249447373,schedule_review
0.5088905555910559,0.36928077021554107,0,0.6141695520226241,schedule_review
0.1590250037402613,0.18019575412814792,6,0.6232013006691833,schedule_review
0.9209945210965759,0.6945954272532854,6,0.8953301303325862,proceed
0.34460408444755963,0.030857904308072448,0,0.43666842206954437,schedule_review
0.34534195224488784,0.3356104542698427,3,0.41012839600127976,schedule_review
0.11887439117707199,0.7647191414762792,7,0.6934509560817997,schedule_review
0.9470906671085191,0.49625875288236154,2,0.6377502941647524,proceed
0.5066726489827458,0.3872372711780959,3,0.5690485269668943,schedule_review
0.02519341395922936,0.8389973277180107,7,0.8582831523760395,schedule_review
0.6159119156767212,0.8432780909364024,6,0.46448138349716694,proceed
0.7048710100433817,0.8171281420155851,0,0.674003386325573,proceed
0.5407345671331042,0.4295959435760647,4,0.8029177631257851,schedule_review
0.862640471149179,0.17925561190779005,7,0.8000875345386187,accelerate
0.9524671166878468,0.22672738232996326,2,0.9057070312362387,accelerate
0.15727320817971535,0.30978785920909924,6,0.521584765687509,schedule_review
0.8164107849650307,0.5015154614797338,7,0.4753275291547493,proceed
0.6248740996069989,0.5717459831437487,7,0.9873339886535775,proceed
0.6279933826040981,0.24751007314041196,7,0.3362850593838103,proceed
0.5488586650773559,0.2876327290436782,2,0.4339993763496797,schedule_review
0.4116554604567024,0.9349944318387654,4,0.8128893354131963,schedule_review
0.4045273855738697,0.06835320030995862,2,0.5490983314814479,schedule_review
0.08391953582142941,0.3334625935960105,5,0.5327193100040983,schedule_review
0.056585656146715624,0.3739210470128136,3,0.9874346759111736,schedule_review
0.7848618229588802,0.7334867464921039,6,0.43929449727160574,proceed
0.41833386410228013,0.7509397983633183,7,0.9932532473988602,schedule_review
0.32525390592455194,0.9412724482418516,0,0.9862581186595294,schedule_review
0.06750254668382194,0.518700994380595,0,0.372184953685653,schedule_review
0.5477846943833194,0.9789575070411041,0,0.8165194893842243,schedule_review
0.7045544280274453,0.42272863689393225,2,0.663792984026139,proceed
0.074042217912348,0.6054826692144046,1,0.638127788291223,schedule_review
0.2685337560676073,0.2874616648972501,1,0.7828451944736847,schedule_review
0.14394191357223085,0.5953596612586041,2,0.35290852969784686,schedule_review
0.951423220845566,0.29729079030733363,5,0.7870582343588113,accelerate
0.45802221166825874,0.09209525323290235,1,0.4871814195002789,schedule_review
0.015110684214475034,0.9650153694544719,6,0.6945619797201334,schedule_review
0.4506864749389131,0.6720560387522534,5,0.5190351759495537,schedule_review
0.27109625376406576,0.5976682827027031,4,0.4218571727180005,schedule_review
0.11706604142416865,0.44908474501094675,4,0.9613153811481556,schedule_review
0.7365352283347926,0.8829938248297731,2,0.8406107106157399,proceed
0.6252047695304422,0.3735548010476819,4,0.5857061836066886,proceed
0.015394891691308477,0.5829260568042631,0,0.6793930524228361,schedule_review
0.9396515112935082,0.2204836934733041,0,0.8878611246650987,accelerate
0.18854060574925113,0.6724604980250288,7,0.7654961613664415,schedule_review
0.498040393056869,0.7428249749063163,1,0.36483783813595705,schedule_review
0.7483843496762314,0.9145486638485589,3,0.9029237380705635,proceed
0.8172523113668212,0.512726394261776,2,0.3063379131062597,proceed
0.5894539894846972,0.6132916848873791,0,0.7694728677676279,schedule_review
0.700867635861432,0.2040246657385787,6,0.43948923552676056,proceed
0.8774700466544819,0.7387231507265664,6,0.3206528386016441,proceed
0.35597103248839435,0.015813196232962068,2,0.47329183919592044,schedule_review
0.06252629574284574,0.45894051659682034,2,0.4507410669677868,schedule_review
0.5970957701867198,0.5948032146777896,5,0.966043497123751,schedule_review
0.8384918338430248,0.8050903184956627,2,0.6454506945080858,proceed
0.28330476242493063,0.7867695033571274,2,0.7317485254967788,schedule_review
0.742881493667939,0.7379173933540254,5,0.504047018646606,proceed
0.7707425309055517,0.4274956503567592,4,0.7091142368301981,proceed
0.5383319432557134,0.2688535143821935,3,0.940680029442476,schedule_review
0.8598238353912759,0.03500791480680565,2,0.6180417961473585,proceed
0.6302472194561579,0.24838360874320753,3,0.8835501939007708,proceed
0.49943176986683535,0.5350255045989328,2,0.9553964350282487,schedule_review
0.06400634660862092,0.8247432373470076,5,0.8495683998669952,schedule_review
0.598845400079439,0.20109872744266744,5,0.6518418698410913,schedule_review
0.05617607734743901,0.49109572938316515,3,0.44702054466139707,schedule_review
0.28103808138102826,0.7129600078588058,5,0.7586216001670365,schedule_review
0.26023659798522936,0.1594922625413583,7,0.6614970717530277,schedule_review
0.786522382390847,0.9425313075201167,1,0.9171834282904556,accelerate
0.8141256855911618,0.6851343098744841,2,0.8640911728324832,accelerate
0.007964404745451126,0.9245610553768049,2,0.6605039617968061,schedule_review
0.5355538148796726,0.3568859751711102,6,0.35364506453267414,schedule_review
0.8726358025468353,0.8281168290063428,5,0.9396519107112815,proceed
0.952815017002506,0.32674254203004083,1,0.5614641238297813,proceed
0.27149875418186786,0.23178359028935003,0,0.37179757380851286,schedule_review
0.3927307432714162,0.5533711897497718,2,0.5442230525292765,schedule_review
0.5215993960113582,0.7944856336484907,6,0.8865358623962625,schedule_review
0.8587642793494722,0.7483558536657398,0,0.30927572345273735,proceed
0.2959428888586566,0.4591892337325618,6,0.42547727901749655,schedule_review
0.6939495905101568,0.22959816075396866,6,0.6007260144926543,proceed
0.7406261488943705,0.8629723989869625,4,0.8126807343408653,proceed
0.5149333499132595,0.1613628010553837,0,0.5416609675689807,schedule_review
0.4142009255718303,0.7324138648126686,2,0.4690757891911772,schedule_review
0.35427132721721566,0.10534548448133318,3,0.3828905274231523,schedule_review
0.21189433044010908,0.31100249473268027,6,0.340412511457582,schedule_review
0.39103286912739865,0.23420337092633414,6,0.8245733169608114,schedule_review
0.5719122038506007,0.9862466719514015,0,0.5910425724663253,schedule_review
0.42894433343014426,0.5409050038380808,1,0.5883053182922471,schedule_review
0.753594630745753,0.20366713777268486,1,0.5883706665238713,proceed
0.8705269662693842,0.6314189212183764,7,0.961579932129206,proceed
0.69662727121739,0.49570375023189106,4,0.5360446028960264,proceed
0.14284196481433187,0.6920736470243689,6,0.3800000389985856,schedule_review
0.7648009724592773,0.6788977250778405,1,0.6554635447711453,proceed
0.419271661166022,0.018124041045729733,0,0.9001162316525886,schedule_review
0.6732464393545315,0.4081190568259231,4,0.7398985196302109,proceed
0.6886316293078756,0.2532723835227151,0,0.8119215637923074,proceed
0.6972754190538569,0.752638294071836,4,0.874971854030486,proceed
0.8433261677878832,0.48509465997954015,2,0.49985614608295803,proceed
0.5315773967749932,0.5105617954093381,2,0.8984818136930319,schedule_review
0.8825598767723473,0.4663097561401701,4,0.5868174655100573,proceed
0.6477742329503421,0.015508330626592182,7,0.44243091974831705,proceed
0.06697361202527152,0.8773504531328387,3,0.42720630525970954,schedule_review
0.7430815396313801,0.8479278837633485,3,0.7538226052164668,proceed
0.07410542257486707,0.3754689284665004,4,0.992452427770425,schedule_review
0.23154843596504882,0.9425459396769053,1,0.5248135068451674,schedule_review
0.22011132590475313,0.3505205342861618,7,0.7258862551160123,schedule_review
0.7066342634675964,0.37448039996801696,3,0.8059164265671632,proceed
0.656729484721608,0.7087656552291542,2,0.5654585760263142,schedule_review
0.83136770622197,0.8423255047499341,0,0.30371943296784215,schedule_review
0.8044946424318223,0.7728095732903374,6,0.3340603645631993,proceed
0.5810150933751095,0.426070977626097,1,0.8473719840105713,schedule_review
0.7517469923958404,0.8030020719578371,1,0.8309513166414735,accelerate
0.014628258877675715,0.2072422997688783,3,0.819577231039361,schedule_review
0.1698810060507353,0.19497519990028922,3,0.5735286066307459,schedule_review
0.15867887368968492,0.25823101966616,6,0.7180087141932112,schedule_review
0.6541327370278737,0.88912792394001,4,0.6791524927517318,proceed
0.7582672920560591,0.30690451319457,4,0.8014779783706691,proceed
0.2709426983163654,0.20225418052453492,2,0.429760945357758,schedule_review
0.599771314970498,0.8615137072268936,5,0.9354869597184738,schedule_review
0.5070596467387183,0.18792038081532303,0,0.7092676631160773,schedule_review
0.133650581410518,0.4438591884213011,6,0.7616575380485391,schedule_review
0.7962414505413685,0.27194603941844875,5,0.6732759794953718,proceed
0.6367617170443272,0.7482328313318959,4,0.5271582601227395,proceed
0.26951186229227264,0.1909265850716435,1,0.4949202824615011,schedule_review
0.6547090753562991,0.823767395799123,1,0.763378261355708,proceed
0.8149397285405392,0.7780252431446532,6,0.9883139597729271,proceed
0.7867083407073091,0.7736625648956658,3,0.5578430496560459,schedule_review
0.4323462264033473,0.031149092793391064,6,0.4848030449716261,schedule_review
0.41524097233404045,0.8884641099229207,6,0.6901360187011056,schedule_review
0.03897932066113041,0.6668473913056581,5,0.6002894522886233,schedule_review
0.20106515204994513,0.5142010400093392,6,0.9306726269833274,schedule_review
0.9961576734987788,0.8254156641239481,1,0.8236033154599824,proceed
0.812713619893062,0.7068378557805411,5,0.36644255577516877,proceed
0.9988926120332906,0.32663924942591094,6,0.8609435943116659,accelerate
0.6742588420064991,0.005718581360789288,2,0.4690475396798075,proceed
0.04035082685969971,0.411191517994586,0,0.9728115909971156,schedule_review
0.8917108652027459,0.8491790055017042,5,0.6963264838575496,proceed
0.31277798921035405,0.6543420054927197,2,0.3110200390969739,schedule_review
0.017149781915198115,0.916603301642411,0,0.833611837150672,schedule_review
0.03893801668766561,0.8371196278306522,2,0.3037423125980551,schedule_review
0.938413743858144,0.4148151193889472,4,0.710855554591235,accelerate
0.5809503798881793,0.9906791570657658,6,0.8131025337398474,schedule_review
0.6761253975882903,0.1384354933293943,0,0.4602128237384493,proceed
0.5968518768877594,0.9281820981139515,5,0.5600401605616039,schedule_review
0.6185270587181856,0.633072653499513,4,0.9969417766492183,proceed
0.9811179078679357,0.6495089297074473,0,0.622816830877737,proceed
0.9399317919698225,0.504003763596326,7,0.6183350397868628,proceed
0.6747863021674105,0.6775316138836847,1,0.3770442989407806,proceed
0.9250471753430145,0.6316435150828916,6,0.7836187835855759,proceed
0.6971358058918092,0.6486389567688156,1,0.6882813968460604,proceed
0.7477943497593724,0.8102585866995313,0,0.4255492072024687,schedule_review
0.7051391455705633,0.4551719917336564,6,0.6170377491873276,proceed
0.948744395149711,0.060604907714909784,1,0.8453718104770507,accelerate
0.6096974251526159,0.6996395696221217,3,0.6184107099620078,proceed
0.6857005429336439,0.9102130348677566,3,0.6419469428619338,proceed
0.4018871998907301,0.15369104284420454,4,0.883654365643179,schedule_review
0.642577610323634,0.07855783092372715,2,0.7149881263556771,proceed
0.35492466087701,0.05198935197770749,7,0.34656932574759863,schedule_review
0.23079465392653176,0.9156722322616498,3,0.91668110394776,schedule_review
0.8829148165187222,0.6590454101322324,6,0.6511029899425638,proceed
0.9761869749880837,0.6834537774075089,2,0.8161982600394739,proceed
